-- phpMyAdmin SQL Dump
-- version 5.2.0
-- https://www.phpmyadmin.net/
--
-- Servidor: 127.0.0.1
-- Tiempo de generación: 04-06-2022 a las 23:53:23
-- Versión del servidor: 10.4.24-MariaDB
-- Versión de PHP: 8.1.6

SET SQL_MODE = "NO_AUTO_VALUE_ON_ZERO";
START TRANSACTION;
SET time_zone = "+00:00";


/*!40101 SET @OLD_CHARACTER_SET_CLIENT=@@CHARACTER_SET_CLIENT */;
/*!40101 SET @OLD_CHARACTER_SET_RESULTS=@@CHARACTER_SET_RESULTS */;
/*!40101 SET @OLD_COLLATION_CONNECTION=@@COLLATION_CONNECTION */;
/*!40101 SET NAMES utf8mb4 */;

--
-- Base de datos: `ventas`
--

-- --------------------------------------------------------

--
-- Estructura de tabla para la tabla `productos`
--

CREATE TABLE `productos` (
  `id` bigint(20) UNSIGNED NOT NULL,
  `codigo` varchar(255) NOT NULL,
  `descripcion` varchar(255) NOT NULL,
  `peso` int(11) NOT NULL,
  `precioCompra` int(11) NOT NULL,
  `existencia` int(11) NOT NULL,
  `fec_registro` date NOT NULL
) ENGINE=InnoDB DEFAULT CHARSET=utf8;

--
-- Volcado de datos para la tabla `productos`
--

INSERT INTO `productos` (`id`, `codigo`, `descripcion`, `peso`, `precioCompra`, `existencia`, `fec_registro`) VALUES
(6, '1', 'Café con leche', 15, 2500, 95, '2022-06-04'),
(7, '7', 'Arepa con huevo', 157, 5000, 493, '2022-06-04'),
(8, '2', 'Chocolate ', 50, 3000, 379, '2022-06-04');

-- --------------------------------------------------------

--
-- Estructura de tabla para la tabla `productos_vendidos`
--

CREATE TABLE `productos_vendidos` (
  `id` bigint(20) UNSIGNED NOT NULL,
  `id_producto` bigint(20) UNSIGNED NOT NULL,
  `cantidad` bigint(20) UNSIGNED NOT NULL,
  `id_venta` bigint(20) UNSIGNED NOT NULL
) ENGINE=InnoDB DEFAULT CHARSET=utf8;

--
-- Volcado de datos para la tabla `productos_vendidos`
--

INSERT INTO `productos_vendidos` (`id`, `id_producto`, `cantidad`, `id_venta`) VALUES
(7, 7, 4, 4),
(8, 6, 5, 5),
(9, 8, 70, 6),
(10, 8, 1, 7),
(12, 8, 150, 9);

-- --------------------------------------------------------

--
-- Estructura de tabla para la tabla `ventas`
--

CREATE TABLE `ventas` (
  `id` bigint(20) UNSIGNED NOT NULL,
  `fecha` datetime NOT NULL,
  `total` float DEFAULT NULL
) ENGINE=InnoDB DEFAULT CHARSET=utf8;

--
-- Volcado de datos para la tabla `ventas`
--

INSERT INTO `ventas` (`id`, `fecha`, `total`) VALUES
(1, '2022-06-04 19:42:36', 60),
(2, '2022-06-04 19:49:18', 130),
(4, '2022-06-04 21:54:44', 20000),
(5, '2022-06-04 22:11:48', 12500),
(6, '2022-06-04 22:22:37', 100000),
(7, '2022-06-04 22:23:02', 3000),
(9, '2022-06-04 22:24:52', 450000);

--
-- Índices para tablas volcadas
--

--
-- Indices de la tabla `productos`
--
ALTER TABLE `productos`
  ADD PRIMARY KEY (`id`);

--
-- Indices de la tabla `productos_vendidos`
--
ALTER TABLE `productos_vendidos`
  ADD PRIMARY KEY (`id`),
  ADD KEY `id_producto` (`id_producto`),
  ADD KEY `id_venta` (`id_venta`);

--
-- Indices de la tabla `ventas`
--
ALTER TABLE `ventas`
  ADD PRIMARY KEY (`id`);

--
-- AUTO_INCREMENT de las tablas volcadas
--

--
-- AUTO_INCREMENT de la tabla `productos`
--
ALTER TABLE `productos`
  MODIFY `id` bigint(20) UNSIGNED NOT NULL AUTO_INCREMENT, AUTO_INCREMENT=9;

--
-- AUTO_INCREMENT de la tabla `productos_vendidos`
--
ALTER TABLE `productos_vendidos`
  MODIFY `id` bigint(20) UNSIGNED NOT NULL AUTO_INCREMENT, AUTO_INCREMENT=13;

--
-- AUTO_INCREMENT de la tabla `ventas`
--
ALTER TABLE `ventas`
  MODIFY `id` bigint(20) UNSIGNED NOT NULL AUTO_INCREMENT, AUTO_INCREMENT=10;

--
-- Restricciones para tablas volcadas
--

--
-- Filtros para la tabla `productos_vendidos`
--
ALTER TABLE `productos_vendidos`
  ADD CONSTRAINT `productos_vendidos_ibfk_1` FOREIGN KEY (`id_producto`) REFERENCES `productos` (`id`) ON DELETE CASCADE,
  ADD CONSTRAINT `productos_vendidos_ibfk_2` FOREIGN KEY (`id_venta`) REFERENCES `ventas` (`id`) ON DELETE CASCADE;
COMMIT;

/*!40101 SET CHARACTER_SET_CLIENT=@OLD_CHARACTER_SET_CLIENT */;
/*!40101 SET CHARACTER_SET_RESULTS=@OLD_CHARACTER_SET_RESULTS */;
/*!40101 SET COLLATION_CONNECTION=@OLD_COLLATION_CONNECTION */;
